{
  "$schema": "https://openapi.vercel.sh/vercel.json",
  "version": 2,
  "headers": [
    {
      "source": "/(.*)",
      "headers": [
        {
          "key": "Strict-Transport-Security",
          "value": "max-age=63072000; includeSubDomains; preload"
        },
        {
          "key": "X-Frame-Options",
          "value": "SAMEORIGIN"
        },
        {
          "key": "X-Content-Type-Options",
          "value": "nosniff"
        },
        {
          "key": "Referrer-Policy",
          "value": "strict-origin-when-cross-origin"
        },
        {
          "key": "Permissions-Policy",
          "value": "camera=(), microphone=(), geolocation=(), interest-cohort=()"
        },
        {
          "key": "Content-Security-Policy",
          "value": "default-src 'self'; img-src 'self' data: https:; script-src 'self' 'unsafe-inline' 'unsafe-eval'; style-src 'self' 'unsafe-inline'; connect-src 'self' https://*.supabase.co https://*.vercel.app;"
        }
      ]
    }
  ]
}
